<?xml version="1.0" encoding="UTF-8"?>
<project-private xmlns="http://www.netbeans.org/ns/project-private/1">
    <editor-bookmarks xmlns="http://www.netbeans.org/ns/editor-bookmarks/2" lastBookmarkId="0"/>
    <open-files xmlns="http://www.netbeans.org/ns/projectui-open-files/2">
        <group>
            <file>file:/D:/OneDrive/Teaching/FPT/CSD201/Lam%20de%20thi/CSD201/CSD201-SP2025-TUNGLN4%20-%20Assignment%20Tai%20Lop/DapAn-FullCode/Given/src/SupplyChainManager.java</file>
            <file>file:/D:/OneDrive/Teaching/FPT/CSD201/Lam%20de%20thi/CSD201/CSD201-SP2025-TUNGLN4%20-%20Assignment%20Tai%20Lop/DapAn-FullCode/Given/src/Product.java</file>
            <file>file:/D:/OneDrive/Teaching/FPT/CSD201/Lam%20de%20thi/CSD201/CSD201-SP2025-TUNGLN4%20-%20Assignment%20Tai%20Lop/DapAn-FullCode/Given/src/Lib.java</file>
            <file>file:/D:/OneDrive/Teaching/FPT/CSD201/Lam%20de%20thi/CSD201/CSD201-SP2025-TUNGLN4%20-%20Assignment%20Tai%20Lop/DapAn-FullCode/Given/src/Main.java</file>
            <file>file:/D:/OneDrive/Teaching/FPT/CSD201/Lam%20de%20thi/CSD201/CSD201-SP2025-TUNGLN4%20-%20Assignment%20Tai%20Lop/DapAn-FullCode/Given/src/Node.java</file>
        </group>
    </open-files>
</project-private>
